"","loglik","loglik.sd","nfail.max","nfail.min","sigmah","theta","phi","p0","gammah","psi","kappah","eta","bpop","alpha","nm","log.beta","log.beta1","log.beta2","log.beta3","log.beta4","log.beta5","log.beta6","log.beta7","log.beta8","log.beta9","log.beta10","log.beta11","log.beta12","log.beta13","tau","BS.0","BE.0","BI.0","BT.0","BD.0","BR.0","BR1.0","BR2.0","BT1.0","BT2.0","CC.0","susc.ini","infe.ini"
"city11",-345.818224132005,0.279598689678188,0,0,182.5,0.0774556302379456,0.5,0.85,121.666666666667,1e-04,30.4166666666667,3.36,426000,1.79774044168786,14,6.34320350126334,4.88666571035674,5.47605931558584,5.57354019359105,5.75268440426715,5.72646939459898,5.78243808417488,6.35722759147502,5.98441908176167,6.37447131537941,6.36380781205761,6.27566408625541,6.37203370455423,6.29903391875188,0.0173921708898595,0.990000000000002,4.96977464838192e-06,4.96977464838192e-06,4.96977464838195e-07,0,0.00332952317276958,0.00332952317276958,0.00332952317276958,4.96977464838195e-07,4.96977464838195e-07,0,0.99,10000
