"","loglik","loglik.sd","nfail.max","nfail.min","sigmah","theta","phi","p0","gammah","psi","kappah","eta","bpop","alpha","nm","log.beta","log.beta1","log.beta2","log.beta3","log.beta4","log.beta5","log.beta6","log.beta7","log.beta8","log.beta9","log.beta10","log.beta11","log.beta12","log.beta13","tau","BS.0","BE.0","BI.0","BT.0","BD.0","BR.0","BR1.0","BR2.0","BT1.0","BT2.0","CC.0","susc.ini","infe.ini"
"city14",-344.884610970726,0.28753292299693,0,0,182.5,0.0717565290298619,0.5,0.85,121.666666666667,0.333366666666667,30.4166666666667,3.36,426000,1.57495705736241,14,6.35337944643568,5.01216635449594,5.76722144560546,5.92644565267704,6.10802676304831,6.23735715470883,6.07259550669898,6.07305109230688,5.5588355277485,6.07026676202596,6.13949419416542,6.13446088297649,6.33986141735172,6.15557119954559,0.0161691433695472,0.989999999999998,5.26559295383697e-06,5.26559295383697e-06,5.26559295383696e-07,0,0.00332929637873538,0.00332929637873538,0.00332929637873538,5.26559295383696e-07,5.26559295383696e-07,0,0.99,10000
