"","loglik","loglik.sd","nfail.max","nfail.min","sigmah","theta","phi","p0","gammah","psi","kappah","eta","bpop","alpha","nm","log.beta","log.beta1","log.beta2","log.beta3","log.beta4","log.beta5","log.beta6","log.beta7","log.beta8","log.beta9","log.beta10","log.beta11","log.beta12","log.beta13","tau","BS.0","BE.0","BI.0","BT.0","BD.0","BR.0","BR1.0","BR2.0","BT1.0","BT2.0","CC.0","susc.ini","infe.ini"
"city15",-346.656318204138,0.150916421031946,0,0,182.5,0.0722348344714341,0.5,0.85,121.666666666667,0.444455555555556,30.4166666666667,3.36,426000,1.43876683783663,14,6.19635397171251,4.99787239443522,5.67451671331861,5.8803443245308,5.96469562316833,6.18128981756051,5.9074898612908,5.90782215258171,5.30505191151761,5.84596352956544,5.90608116306115,5.96527715005001,6.18331897121641,6.22079114654278,0.0206021330706272,0.990000000000003,9.12562165875552e-06,9.12562165875552e-06,9.12562165875551e-07,0,0.00332633702339496,0.00332633702339496,0.00332633702339496,9.12562165875551e-07,9.12562165875551e-07,0,0.99,10000
