"","loglik","loglik.sd","nfail.max","nfail.min","sigmah","theta","phi","p0","gammah","psi","kappah","eta","bpop","alpha","nm","log.beta","log.beta1","log.beta2","log.beta3","log.beta4","log.beta5","log.beta6","log.beta7","log.beta8","log.beta9","log.beta10","log.beta11","log.beta12","log.beta13","tau","BS.0","BE.0","BI.0","BT.0","BD.0","BR.0","BR1.0","BR2.0","BT1.0","BT2.0","CC.0","susc.ini","infe.ini"
"city16",-347.196406194254,0.226864685515962,0,0,182.5,0.0755423813381629,0.5,0.85,121.666666666667,0.555544444444444,30.4166666666667,3.36,426000,1.18933935710315,14,6.26294266325888,4.91952056302358,5.54657265177935,5.67214134371531,5.79410671441356,5.93014365125672,5.73241239145757,5.73240787699954,5.09849509498751,5.64252548634666,5.7231084734388,5.7975936153469,6.06420232689974,6.09994053796814,0.0191604824190465,0.989999999999998,6.2712493952876e-06,6.2712493952876e-06,6.2712493952876e-07,0,0.00332852537546362,0.00332852537546362,0.00332852537546362,6.2712493952876e-07,6.2712493952876e-07,0,0.99,10000
