"","loglik","loglik.sd","nfail.max","nfail.min","sigmah","theta","phi","p0","gammah","psi","kappah","eta","bpop","alpha","nm","log.beta","log.beta1","log.beta2","log.beta3","log.beta4","log.beta5","log.beta6","log.beta7","log.beta8","log.beta9","log.beta10","log.beta11","log.beta12","log.beta13","tau","BS.0","BE.0","BI.0","BT.0","BD.0","BR.0","BR1.0","BR2.0","BT1.0","BT2.0","CC.0","susc.ini","infe.ini"
"city1",-368.044866365071,0.0555332506877377,0,0,182.5,0.0727759044482468,0.5,0.85,121.666666666667,1e-04,30.4166666666667,1e-12,2219580,1.79560354361612,14,5.97033565348118,4.69491351403466,4.88391252389583,5.0347766397089,5.16194385862921,5.21156231297946,4.93902965121768,5.74364839887126,5.55926282248613,5.92372096640912,6.02186670254253,5.9989914540453,5.92503356518095,6.27926445269627,0.012733438498488,0.989999999999999,4.48132482358079e-05,4.48132482358079e-05,4.48132482358079e-06,0,0.0032989765096859,0.0032989765096859,0.0032989765096859,4.48132482358079e-06,4.48132482358079e-06,0,0.99,10000
