"","loglik","loglik.sd","nfail.max","nfail.min","sigmah","theta","phi","p0","gammah","psi","kappah","eta","bpop","alpha","nm","log.beta","log.beta1","log.beta2","log.beta3","log.beta4","log.beta5","log.beta6","log.beta7","log.beta8","log.beta9","log.beta10","log.beta11","log.beta12","log.beta13","tau","BS.0","BE.0","BI.0","BT.0","BD.0","BR.0","BR1.0","BR2.0","BT1.0","BT2.0","CC.0","susc.ini","infe.ini"
"city1",-367.784061023431,0.0622638047280697,0,0,182.5,0.0722891017906203,0.5,0.85,121.666666666667,1e-04,30.4166666666667,1e-12,2219580,1.79956721097487,14,5.96115682800632,4.69921360299463,4.89092772881899,5.04359204483866,5.17751406314126,5.21759693964379,4.96295403132332,5.75819007330321,5.58997488048453,5.97247414396406,6.06019645529428,6.04240002027531,5.94800473549613,6.35249995626971,0.0100714559944168,0.99,4.82782134333098e-05,4.82782134333098e-05,4.82782134333096e-06,0,0.0032963200363678,0.0032963200363678,0.0032963200363678,4.82782134333096e-06,4.82782134333096e-06,0,0.99,10000
