"","loglik","loglik.sd","nfail.max","nfail.min","sigmah","theta","phi","p0","gammah","psi","kappah","eta","bpop","alpha","nm","log.beta","log.beta1","log.beta2","log.beta3","log.beta4","log.beta5","log.beta6","log.beta7","log.beta8","log.beta9","log.beta10","log.beta11","log.beta12","log.beta13","tau","BS.0","BE.0","BI.0","BT.0","BD.0","BR.0","BR1.0","BR2.0","BT1.0","BT2.0","CC.0","susc.ini","infe.ini"
"city19",-350.608588610497,0.146742035023256,0,0,182.5,0.0774323216415956,0.5,0.85,121.666666666667,0.888811111111111,30.4166666666667,3.36,426000,0.743383427534804,14,6.32931172400029,4.85824221035821,5.4179538618697,5.54847618962695,5.60629530968177,5.79553870365052,5.51007987368761,5.51033688917039,4.85827037773099,5.49847869749722,5.66428867230028,5.85007674323656,6.24049923111157,6.32724991718239,0.0204947546117887,0.990000000000005,5.55598368915646e-06,5.55598368915646e-06,5.55598368915651e-07,0,0.00332907374583832,0.00332907374583832,0.00332907374583832,5.55598368915651e-07,5.55598368915651e-07,0,0.99,10000
