"","loglik","loglik.sd","nfail.max","nfail.min","sigmah","theta","phi","p0","gammah","psi","kappah","eta","bpop","alpha","nm","log.beta","log.beta1","log.beta2","log.beta3","log.beta4","log.beta5","log.beta6","log.beta7","log.beta8","log.beta9","log.beta10","log.beta11","log.beta12","log.beta13","tau","BS.0","BE.0","BI.0","BT.0","BD.0","BR.0","BR1.0","BR2.0","BT1.0","BT2.0","CC.0","susc.ini","infe.ini"
"city15",-346.246422910563,0.162876392349307,0,0,182.5,0.0733197015083353,0.5,0.85,121.666666666667,0.444455555555556,30.4166666666667,3.36,426000,1.35393259769209,14,6.2529307152471,4.97936976793438,5.6482754283082,5.8270281648762,5.93347490390523,6.11710822701132,5.88328126201487,5.88383229313892,5.30908114703131,5.83651964108071,5.91683525089701,5.96259745849018,6.19820381109447,6.21227363370901,0.0185494069177126,0.99,7.34193169935583e-06,7.34193169935583e-06,7.34193169935577e-07,0,0.00332770451903051,0.00332770451903051,0.00332770451903051,7.34193169935577e-07,7.34193169935577e-07,0,0.99,10000
