"","loglik","loglik.sd","nfail.max","nfail.min","sigmah","theta","phi","p0","gammah","psi","kappah","eta","bpop","alpha","nm","log.beta","log.beta1","log.beta2","log.beta3","log.beta4","log.beta5","log.beta6","log.beta7","log.beta8","log.beta9","log.beta10","log.beta11","log.beta12","log.beta13","tau","BS.0","BE.0","BI.0","BT.0","BD.0","BR.0","BR1.0","BR2.0","BT1.0","BT2.0","CC.0","susc.ini","infe.ini"
"city12",-345.555740840305,0.183455357566379,0,0,182.5,0.0749804579535468,0.5,0.85,121.666666666667,0.111188888888889,30.4166666666667,3.36,426000,1.79822809873344,14,6.2710931170558,4.96665853879335,5.65981009617551,5.78428348953891,5.99783106208047,5.98584129334097,6.07055766966183,6.30938691358004,5.95796971121461,6.34699787359172,6.36508671790139,6.27173839297757,6.37391388150684,6.36082053108336,0.0195411889049271,0.990000000000002,7.27673239326311e-06,7.27673239326311e-06,7.27673239326309e-07,0,0.00332775450516518,0.00332775450516518,0.00332775450516518,7.27673239326309e-07,7.27673239326309e-07,0,0.99,10000
