"","loglik","loglik.sd","nfail.max","nfail.min","sigmah","theta","phi","p0","gammah","psi","kappah","eta","bpop","alpha","nm","log.beta","log.beta1","log.beta2","log.beta3","log.beta4","log.beta5","log.beta6","log.beta7","log.beta8","log.beta9","log.beta10","log.beta11","log.beta12","log.beta13","tau","BS.0","BE.0","BI.0","BT.0","BD.0","BR.0","BR1.0","BR2.0","BT1.0","BT2.0","CC.0","susc.ini","infe.ini"
"city7",-367.474015932049,0.0694065969167953,0,0,182.5,0.0654177995773068,0.5,0.85,121.666666666667,0.666633333333333,30.4166666666667,1e-12,2219580,1.6132949718748,14,5.99375462843941,4.74752229916869,4.9989077458409,5.16189443443714,5.31993138484286,5.39869333766226,5.20148941932275,5.35434242320563,5.15430826306005,5.55002844126936,5.72169905474745,5.77814145992484,5.78323992516148,6.1646906357019,0.0132233975009896,0.990000000000004,4.66140022218718e-05,4.66140022218718e-05,4.66140022218722e-06,0,0.00329759593162991,0.00329759593162991,0.00329759593162991,4.66140022218722e-06,4.66140022218722e-06,0,0.99,10000
