"","loglik","loglik.sd","nfail.max","nfail.min","sigmah","theta","phi","p0","gammah","psi","kappah","eta","bpop","alpha","nm","log.beta","log.beta1","log.beta2","log.beta3","log.beta4","log.beta5","log.beta6","log.beta7","log.beta8","log.beta9","log.beta10","log.beta11","log.beta12","log.beta13","tau","BS.0","BE.0","BI.0","BT.0","BD.0","BR.0","BR1.0","BR2.0","BT1.0","BT2.0","CC.0","susc.ini","infe.ini"
"city13",-343.726217377575,0.313113876008799,0,0,182.5,0.0719891341975908,0.5,0.85,121.666666666667,0.222277777777778,30.4166666666667,3.36,426000,1.79736566589959,14,6.3659217732824,5.03385331942336,5.85222609351612,5.99877677797932,6.24296383322156,6.30858976471617,6.27581897672771,6.27650031798359,5.83783030474053,6.30227246169458,6.30390283770728,6.25050093257812,6.37386257809106,6.28256082059578,0.0143061135177223,0.989999999999998,4.79658099440129e-06,4.79658099440129e-06,4.79658099440133e-07,0,0.00332965595457096,0.00332965595457096,0.00332965595457096,4.79658099440133e-07,4.79658099440133e-07,0,0.99,10000
