"","loglik","loglik.sd","nfail.max","nfail.min","sigmah","theta","phi","p0","gammah","psi","kappah","eta","bpop","alpha","nm","log.beta","log.beta1","log.beta2","log.beta3","log.beta4","log.beta5","log.beta6","log.beta7","log.beta8","log.beta9","log.beta10","log.beta11","log.beta12","log.beta13","tau","BS.0","BE.0","BI.0","BT.0","BD.0","BR.0","BR1.0","BR2.0","BT1.0","BT2.0","CC.0","susc.ini","infe.ini"
"city4",-367.633418382883,0.082282818141803,0,0,182.5,0.0679440821074876,0.5,0.85,121.666666666667,0.333366666666667,30.4166666666667,1e-12,2219580,1.64367268971946,14,5.93616505212638,4.72631229746613,4.94877497850126,5.10749686222034,5.2506037644308,5.32155299934762,5.09434431899555,5.56099938227165,5.44111849134849,5.88228219322627,6.02149438005088,6.0430596853074,5.98111723771362,6.37460762554116,0.0115850144286466,0.99,6.04602109965552e-05,6.04602109965552e-05,6.0460210996555e-06,0,0.00328698050490263,0.00328698050490263,0.00328698050490263,6.0460210996555e-06,6.0460210996555e-06,0,0.99,10000
