"","loglik","loglik.sd","nfail.max","nfail.min","sigmah","theta","phi","p0","gammah","psi","kappah","eta","bpop","alpha","nm","log.beta","log.beta1","log.beta2","log.beta3","log.beta4","log.beta5","log.beta6","log.beta7","log.beta8","log.beta9","log.beta10","log.beta11","log.beta12","log.beta13","tau","BS.0","BE.0","BI.0","BT.0","BD.0","BR.0","BR1.0","BR2.0","BT1.0","BT2.0","CC.0","susc.ini","infe.ini"
"city3",-368.263584586758,0.08248702330624,0,0,182.5,0.070670909972315,0.5,0.85,121.666666666667,0.222277777777778,30.4166666666667,1e-12,2219580,1.74147912784359,14,6.01458861213865,4.70578210903292,4.91473765613728,5.06426276613024,5.20037537999472,5.25632707608178,5.00381344442842,5.61004461447591,5.41165875110636,5.77602717166554,5.90555837170042,5.90546473769706,5.86241742025464,6.18703347986544,0.0141995809305693,0.990000000000002,3.67967539362399e-05,3.67967539362399e-05,3.67967539362398e-06,0,0.00330512248864888,0.00330512248864888,0.00330512248864888,3.67967539362398e-06,3.67967539362398e-06,0,0.99,10000
