"","loglik","loglik.sd","nfail.max","nfail.min","sigmah","theta","phi","p0","gammah","psi","kappah","eta","bpop","alpha","nm","log.beta","log.beta1","log.beta2","log.beta3","log.beta4","log.beta5","log.beta6","log.beta7","log.beta8","log.beta9","log.beta10","log.beta11","log.beta12","log.beta13","tau","BS.0","BE.0","BI.0","BT.0","BD.0","BR.0","BR1.0","BR2.0","BT1.0","BT2.0","CC.0","susc.ini","infe.ini"
"city3",-1759.2181576967,6.8800315183002,34,32,182.5,0.0690510519460066,0.5,0.85,121.666666666667,0.222277777777778,30.4166666666667,1e-12,2219580,1.13630518989713,14,6.18404031572295,4.7054406467203,5.11525682734961,5.30546105409487,5.23765974522941,5.6972928892596,3.95243691614275,4.62189447255876,5.33222324661894,6.17025937507089,5.36644726134778,6.11755735134298,5.91097349330099,5.0962572442694,0.180295715543281,0.989999999999829,3.69496263634038e-05,3.69496263634038e-05,3.69496263633926e-06,0,0.00330500528645527,0.00330500528645527,0.00330500528645527,3.69496263633926e-06,3.69496263633926e-06,0,0.99,10000
