"","loglik","loglik.sd","nfail.max","nfail.min","sigmah","theta","phi","p0","gammah","psi","kappah","eta","bpop","alpha","nm","log.beta","log.beta1","log.beta2","log.beta3","log.beta4","log.beta5","log.beta6","log.beta7","log.beta8","log.beta9","log.beta10","log.beta11","log.beta12","log.beta13","tau","BS.0","BE.0","BI.0","BT.0","BD.0","BR.0","BR1.0","BR2.0","BT1.0","BT2.0","CC.0","susc.ini","infe.ini"
"city20",-353.72017689516,0.183389931328935,0,0,182.5,0.0774628476783323,0.5,0.85,121.666666666667,0.9999,30.4166666666667,3.36,426000,0.664147142438761,14,6.14908543600997,4.83247536385056,5.3501300695827,5.48881337390223,5.51402891533399,5.74875563830809,5.42944943692936,5.4294653570541,4.83313555595338,5.48400607003995,5.68862909079559,5.90104149335216,6.3432598789546,6.37093457210878,0.0253645337705648,0.989999999999996,1.45130056155881e-05,1.45130056155881e-05,1.45130056155882e-06,0,0.00332220669569473,0.00332220669569473,0.00332220669569473,1.45130056155882e-06,1.45130056155882e-06,0,0.99,10000
