"","loglik","loglik.sd","nfail.max","nfail.min","sigmah","theta","phi","p0","gammah","psi","kappah","eta","bpop","alpha","nm","log.beta","log.beta1","log.beta2","log.beta3","log.beta4","log.beta5","log.beta6","log.beta7","log.beta8","log.beta9","log.beta10","log.beta11","log.beta12","log.beta13","tau","BS.0","BE.0","BI.0","BT.0","BD.0","BR.0","BR1.0","BR2.0","BT1.0","BT2.0","CC.0","susc.ini","infe.ini"
"city8",-367.434440177255,0.0629462456020973,0,0,182.5,0.0623656579321787,0.5,0.85,121.666666666667,0.777722222222222,30.4166666666667,1e-12,2219580,1.7349152120304,14,5.97863725599386,4.77393640202091,5.0607321828156,5.23212153227883,5.40343923121307,5.50958458262349,5.2941429199485,5.30769843638161,5.07399852550739,5.4629080342466,5.63831003346299,5.70436675667813,5.71970674291829,6.12703292201934,0.0106094704227865,0.989999999999998,5.45767905097171e-05,5.45767905097171e-05,5.45767905097168e-06,0,0.00329149112727588,0.00329149112727588,0.00329149112727588,5.45767905097168e-06,5.45767905097168e-06,0,0.99,10000
