"","loglik","loglik.sd","nfail.max","nfail.min","sigmah","theta","phi","p0","gammah","psi","kappah","eta","bpop","alpha","nm","log.beta","log.beta1","log.beta2","log.beta3","log.beta4","log.beta5","log.beta6","log.beta7","log.beta8","log.beta9","log.beta10","log.beta11","log.beta12","log.beta13","tau","BS.0","BE.0","BI.0","BT.0","BD.0","BR.0","BR1.0","BR2.0","BT1.0","BT2.0","CC.0","susc.ini","infe.ini"
"city19",-350.41454011318,0.151603092589634,0,0,182.5,0.077460211993798,0.5,0.85,121.666666666667,0.888811111111111,30.4166666666667,3.36,426000,0.760581764095854,14,6.33359761727628,4.8402044410452,5.37593320903368,5.48179938090806,5.56197652160301,5.71882115130342,5.48603365994586,5.48612074578436,4.84042459039062,5.47574697420142,5.62393244870906,5.80778711698744,6.18834226153365,6.33134818088443,0.0237869256623294,0.989999999999995,5.29260010166068e-06,5.29260010166068e-06,5.29260010166073e-07,0,0.00332927567325539,0.00332927567325539,0.00332927567325539,5.29260010166073e-07,5.29260010166073e-07,0,0.99,10000
