"","loglik","loglik.sd","nfail.max","nfail.min","sigmah","theta","phi","p0","gammah","psi","kappah","eta","bpop","alpha","nm","log.beta","log.beta1","log.beta2","log.beta3","log.beta4","log.beta5","log.beta6","log.beta7","log.beta8","log.beta9","log.beta10","log.beta11","log.beta12","log.beta13","tau","BS.0","BE.0","BI.0","BT.0","BD.0","BR.0","BR1.0","BR2.0","BT1.0","BT2.0","CC.0","susc.ini","infe.ini"
"city6",-367.293108397743,0.0855581136075934,0,0,182.5,0.0669015318323297,0.5,0.85,121.666666666667,0.555544444444444,30.4166666666667,1e-12,2219580,1.76634270636536,14,6.00119964152156,4.73369247910998,4.97227968519452,5.12985224259344,5.28008246305723,5.35154903589624,5.10552787098788,5.42866697515792,5.16795745999667,5.51965574889906,5.66711120495544,5.71502852429293,5.70313916865045,6.16875889714248,0.012740222001201,0.990000000000001,4.33058760913347e-05,4.33058760913347e-05,4.33058760913348e-06,0,0.00330013216166332,0.00330013216166332,0.00330013216166332,4.33058760913348e-06,4.33058760913348e-06,0,0.99,10000
