"","loglik","loglik.sd","nfail.max","nfail.min","sigmah","theta","phi","p0","gammah","psi","kappah","eta","bpop","alpha","nm","log.beta","log.beta1","log.beta2","log.beta3","log.beta4","log.beta5","log.beta6","log.beta7","log.beta8","log.beta9","log.beta10","log.beta11","log.beta12","log.beta13","tau","BS.0","BE.0","BI.0","BT.0","BD.0","BR.0","BR1.0","BR2.0","BT1.0","BT2.0","CC.0","susc.ini","infe.ini"
"city2",-367.996421937925,0.0531799881569855,0,0,182.5,0.0761913718171643,0.5,0.85,121.666666666667,0.111188888888889,30.4166666666667,1e-12,2219580,1.51632970914642,14,6.00047333422295,4.67475727712703,4.84676072011457,4.9924719691012,5.1108208759829,5.15561608306295,4.90526241580997,5.61414155717622,5.39015520113027,5.75652675507783,5.87262058867372,5.89007783130199,5.83109855842004,6.33571990414695,0.0093738272973262,0.989999999999998,3.51371568731571e-05,3.51371568731571e-05,3.51371568731569e-06,0,0.00330639484639726,0.00330639484639726,0.00330639484639726,3.51371568731569e-06,3.51371568731569e-06,0,0.99,10000
