"","loglik","loglik.sd","nfail.max","nfail.min","sigmah","theta","phi","p0","gammah","psi","kappah","eta","bpop","alpha","nm","log.beta","log.beta1","log.beta2","log.beta3","log.beta4","log.beta5","log.beta6","log.beta7","log.beta8","log.beta9","log.beta10","log.beta11","log.beta12","log.beta13","tau","BS.0","BE.0","BI.0","BT.0","BD.0","BR.0","BR1.0","BR2.0","BT1.0","BT2.0","CC.0","susc.ini","infe.ini"
"city20",-353.749462961384,0.128724559348291,0,0,182.5,0.0774447932057083,0.5,0.85,121.666666666667,0.9999,30.4166666666667,3.36,426000,0.672190173073731,14,6.1426046873319,4.8313917458435,5.33187170019674,5.49398131136802,5.49028316838114,5.75260020063598,5.41766612544271,5.41769112723569,4.83136790988086,5.47305604842833,5.67561108159424,5.88879053289691,6.32637842690103,6.3730284349326,0.0279045513615985,0.990000000000009,1.41532661967067e-05,1.41532661967067e-05,1.41532661967067e-06,0,0.00332248249591585,0.00332248249591585,0.00332248249591585,1.41532661967067e-06,1.41532661967067e-06,0,0.99,10000
