"","loglik","loglik.sd","nfail.max","nfail.min","sigmah","theta","phi","p0","gammah","psi","kappah","eta","bpop","alpha","nm","log.beta","log.beta1","log.beta2","log.beta3","log.beta4","log.beta5","log.beta6","log.beta7","log.beta8","log.beta9","log.beta10","log.beta11","log.beta12","log.beta13","tau","BS.0","BE.0","BI.0","BT.0","BD.0","BR.0","BR1.0","BR2.0","BT1.0","BT2.0","CC.0","susc.ini","infe.ini"
"city10",-368.366642738112,0.0666962065009269,0,0,182.5,0.0713473624177285,0.5,0.85,121.666666666667,0.9999,30.4166666666667,1e-12,2219580,1.73129744672778,14,6.05065785999549,4.69310739856819,4.9152912823015,5.04600566828137,5.19226739912411,5.23855377357653,4.95713467213689,5.18741541005203,4.74036115670615,5.00448835739352,5.15692665099169,5.22809701158579,5.27376581861289,5.79483263497226,0.00929757839227792,0.99,3.08539788298407e-05,3.08539788298407e-05,3.08539788298408e-06,0,0.00330967861623046,0.00330967861623046,0.00330967861623046,3.08539788298408e-06,3.08539788298408e-06,0,0.99,10000
