"","loglik","loglik.sd","nfail.max","nfail.min","sigmah","theta","phi","p0","gammah","psi","kappah","eta","bpop","alpha","nm","log.beta","log.beta1","log.beta2","log.beta3","log.beta4","log.beta5","log.beta6","log.beta7","log.beta8","log.beta9","log.beta10","log.beta11","log.beta12","log.beta13","tau","BS.0","BE.0","BI.0","BT.0","BD.0","BR.0","BR1.0","BR2.0","BT1.0","BT2.0","CC.0","susc.ini","infe.ini"
"city20",-353.597692494075,0.11537638421597,0,0,182.5,0.0774574784907999,0.5,0.85,121.666666666667,0.9999,30.4166666666667,3.36,426000,0.691289600602569,14,6.1677477863137,4.82047002473552,5.33363429911921,5.47946094555983,5.48948464264701,5.72638734209571,5.42266403651981,5.42292790044555,4.8204795824493,5.45524294931446,5.63275573437092,5.84496402183664,6.24160220235192,6.37225022612788,0.0266100939941302,0.990000000000002,1.25971951936014e-05,1.25971951936014e-05,1.25971951936015e-06,0,0.0033236754836849,0.0033236754836849,0.0033236754836849,1.25971951936015e-06,1.25971951936015e-06,0,0.99,10000
