"","loglik","loglik.sd","nfail.max","nfail.min","sigmah","theta","phi","p0","gammah","psi","kappah","eta","bpop","alpha","nm","log.beta","log.beta1","log.beta2","log.beta3","log.beta4","log.beta5","log.beta6","log.beta7","log.beta8","log.beta9","log.beta10","log.beta11","log.beta12","log.beta13","tau","BS.0","BE.0","BI.0","BT.0","BD.0","BR.0","BR1.0","BR2.0","BT1.0","BT2.0","CC.0","susc.ini","infe.ini"
"city4",-367.563720696655,0.0797755724776081,0,0,182.5,0.0683715935607714,0.5,0.85,121.666666666667,0.333366666666667,30.4166666666667,1e-12,2219580,1.79853593707572,14,5.94952228393834,4.72936624539929,4.93891958643169,5.10890462968186,5.24083150987212,5.31580643563301,5.0426682937414,5.57237180290706,5.35128005826856,5.72455727013787,5.84893471699,5.87624279454758,5.82253854263051,6.28952866266027,0.0134327580316356,0.990000000000001,5.40864950336013e-05,5.40864950336013e-05,5.40864950336011e-06,0,0.00329186702047424,0.00329186702047424,0.00329186702047424,5.40864950336011e-06,5.40864950336011e-06,0,0.99,10000
