"","loglik","loglik.sd","nfail.max","nfail.min","sigmah","theta","phi","p0","gammah","psi","kappah","eta","bpop","alpha","nm","log.beta","log.beta1","log.beta2","log.beta3","log.beta4","log.beta5","log.beta6","log.beta7","log.beta8","log.beta9","log.beta10","log.beta11","log.beta12","log.beta13","tau","BS.0","BE.0","BI.0","BT.0","BD.0","BR.0","BR1.0","BR2.0","BT1.0","BT2.0","CC.0","susc.ini","infe.ini"
"city12",-345.513118737415,0.114050929341647,0,0,182.5,0.0752326629516183,0.5,0.85,121.666666666667,0.111188888888889,30.4166666666667,3.36,426000,1.7984271401795,14,6.26278447535034,4.96171987831714,5.64382743783087,5.7654990492747,5.97559057267569,5.96452530771101,6.06175185285062,6.29219650181507,5.93757999978738,6.33730243626096,6.35239482929134,6.25105290290505,6.37501272674375,6.22068781794546,0.0196830926300507,0.989999999999999,7.07567732478374e-06,7.07567732478374e-06,7.07567732478374e-07,0,0.00332790864738432,0.00332790864738432,0.00332790864738432,7.07567732478374e-07,7.07567732478374e-07,0,0.99,10000
