"","loglik","loglik.sd","nfail.max","nfail.min","sigmah","theta","phi","p0","gammah","psi","kappah","eta","bpop","alpha","nm","log.beta","log.beta1","log.beta2","log.beta3","log.beta4","log.beta5","log.beta6","log.beta7","log.beta8","log.beta9","log.beta10","log.beta11","log.beta12","log.beta13","tau","BS.0","BE.0","BI.0","BT.0","BD.0","BR.0","BR1.0","BR2.0","BT1.0","BT2.0","CC.0","susc.ini","infe.ini"
"city5",-367.669932374626,0.105711381570683,0,0,182.5,0.0704460275935486,0.5,0.85,121.666666666667,0.444455555555556,30.4166666666667,1e-12,2219580,1.78961931459771,14,6.01713925945463,4.70460293110316,4.92072654782839,5.06425399366474,5.20700513253739,5.25812008178538,4.99107611978846,5.4753334594015,5.16296493117243,5.47823263072576,5.61175955477268,5.65125702602338,5.6353183819677,6.12491578395378,0.0132825988271505,0.989999999999996,3.71278103216588e-05,3.71278103216588e-05,3.71278103216588e-06,0,0.0033048686787534,0.0033048686787534,0.0033048686787534,3.71278103216588e-06,3.71278103216588e-06,0,0.99,10000
