"","loglik","loglik.sd","nfail.max","nfail.min","sigmah","theta","phi","p0","gammah","psi","kappah","eta","bpop","alpha","nm","log.beta","log.beta1","log.beta2","log.beta3","log.beta4","log.beta5","log.beta6","log.beta7","log.beta8","log.beta9","log.beta10","log.beta11","log.beta12","log.beta13","tau","BS.0","BE.0","BI.0","BT.0","BD.0","BR.0","BR1.0","BR2.0","BT1.0","BT2.0","CC.0","susc.ini","infe.ini"
"city20",-353.913983848515,0.140106292574897,0,0,182.5,0.0774294239395264,0.5,0.85,121.666666666667,0.9999,30.4166666666667,3.36,426000,0.699813486371515,14,6.17308823905047,4.82208048887195,5.35217915397497,5.48913406036959,5.50631095576214,5.75533930783328,5.42561088641167,5.42581748668121,4.82214628885592,5.45160534416361,5.65439086836464,5.83871871552697,6.28237790984062,6.37289481394139,0.0242798391623785,0.989999999999999,1.22492823182108e-05,1.22492823182108e-05,1.22492823182108e-06,0,0.00332394221688936,0.00332394221688936,0.00332394221688936,1.22492823182108e-06,1.22492823182108e-06,0,0.99,10000
