"","loglik","loglik.sd","nfail.max","nfail.min","sigmah","theta","phi","p0","gammah","psi","kappah","eta","bpop","alpha","nm","log.beta","log.beta1","log.beta2","log.beta3","log.beta4","log.beta5","log.beta6","log.beta7","log.beta8","log.beta9","log.beta10","log.beta11","log.beta12","log.beta13","tau","BS.0","BE.0","BI.0","BT.0","BD.0","BR.0","BR1.0","BR2.0","BT1.0","BT2.0","CC.0","susc.ini","infe.ini"
"city16",-347.566683986007,0.128741755931324,0,0,182.5,0.0745209191354224,0.5,0.85,121.666666666667,0.555544444444444,30.4166666666667,3.36,426000,1.22040504228874,14,6.24532982143471,4.9531631142147,5.58117028570587,5.75290764661968,5.8362629285091,6.02577287425953,5.75945295245115,5.76074666635933,5.11552224704622,5.676137877036,5.75348759920646,5.83746093672126,6.09926146478313,6.13244527494356,0.0198473654156013,0.990000000000002,7.59059929860857e-06,7.59059929860857e-06,7.59059929860856e-07,0,0.00332751387387106,0.00332751387387106,0.00332751387387106,7.59059929860856e-07,7.59059929860856e-07,0,0.99,10000
