"","loglik","loglik.sd","nfail.max","nfail.min","sigmah","theta","phi","p0","gammah","psi","kappah","eta","bpop","alpha","nm","log.beta","log.beta1","log.beta2","log.beta3","log.beta4","log.beta5","log.beta6","log.beta7","log.beta8","log.beta9","log.beta10","log.beta11","log.beta12","log.beta13","tau","BS.0","BE.0","BI.0","BT.0","BD.0","BR.0","BR1.0","BR2.0","BT1.0","BT2.0","CC.0","susc.ini","infe.ini"
"city8",-367.757015586092,0.0435286469548,0,0,182.5,0.0653655914647542,0.5,0.85,121.666666666667,0.777722222222222,30.4166666666667,1e-12,2219580,1.77641007440827,14,5.97197228678232,4.74940712617578,4.98870373709819,5.16323127573782,5.30556519799594,5.39841883312558,5.13777701442598,5.3009314406562,4.98644811097078,5.31597570261907,5.47978917619221,5.53911727597804,5.56736567001528,5.9932996208518,0.0132287286337566,0.989999999999998,5.12111515210332e-05,5.12111515210332e-05,5.12111515210334e-06,0,0.00329407145050054,0.00329407145050054,0.00329407145050054,5.12111515210334e-06,5.12111515210334e-06,0,0.99,10000
