"","loglik","loglik.sd","nfail.max","nfail.min","sigmah","theta","phi","p0","gammah","psi","kappah","eta","bpop","alpha","nm","log.beta","log.beta1","log.beta2","log.beta3","log.beta4","log.beta5","log.beta6","log.beta7","log.beta8","log.beta9","log.beta10","log.beta11","log.beta12","log.beta13","tau","BS.0","BE.0","BI.0","BT.0","BD.0","BR.0","BR1.0","BR2.0","BT1.0","BT2.0","CC.0","susc.ini","infe.ini"
"city11",-346.009892018046,0.294219212020599,0,0,182.5,0.077344367711929,0.5,0.85,121.666666666667,1e-04,30.4166666666667,3.36,426000,1.79681147720625,14,6.3294254379181,4.89505434142047,5.49070030341877,5.59601488739739,5.76775407471142,5.74793020418003,5.82411401376783,6.36461071948098,5.98673128008239,6.37450089085628,6.36498923264451,6.25898760722037,6.37365034691336,6.22356603563472,0.0181280103868073,0.989999999999999,4.84221521528991e-06,4.84221521528991e-06,4.84221521528991e-07,0,0.00332962096833494,0.00332962096833494,0.00332962096833494,4.84221521528991e-07,4.84221521528991e-07,0,0.99,10000
