"","loglik","loglik.sd","nfail.max","nfail.min","sigmah","theta","phi","p0","gammah","psi","kappah","eta","bpop","alpha","nm","log.beta","log.beta1","log.beta2","log.beta3","log.beta4","log.beta5","log.beta6","log.beta7","log.beta8","log.beta9","log.beta10","log.beta11","log.beta12","log.beta13","tau","BS.0","BE.0","BI.0","BT.0","BD.0","BR.0","BR1.0","BR2.0","BT1.0","BT2.0","CC.0","susc.ini","infe.ini"
"city18",-349.942363166991,0.1545177831563,0,0,182.5,0.0769229078791129,0.5,0.85,121.666666666667,0.777722222222222,30.4166666666667,3.36,426000,0.975989574901645,14,6.21155564141132,4.87896987771046,5.43821231016059,5.56606026270118,5.64447133474615,5.8281880992916,5.55187002074305,5.55179371724196,4.8795606159159,5.43872585537403,5.56705893623295,5.67193393515824,5.96152100065261,6.16807495127379,0.0209945351239433,0.989999999999999,8.88790755012592e-06,8.88790755012592e-06,8.88790755012596e-07,0,0.00332651927087824,0.00332651927087824,0.00332651927087824,8.88790755012596e-07,8.88790755012596e-07,0,0.99,10000
