"","loglik","loglik.sd","nfail.max","nfail.min","sigmah","theta","phi","p0","gammah","psi","kappah","eta","bpop","alpha","nm","log.beta","log.beta1","log.beta2","log.beta3","log.beta4","log.beta5","log.beta6","log.beta7","log.beta8","log.beta9","log.beta10","log.beta11","log.beta12","log.beta13","tau","BS.0","BE.0","BI.0","BT.0","BD.0","BR.0","BR1.0","BR2.0","BT1.0","BT2.0","CC.0","susc.ini","infe.ini"
"city17",-348.918269637569,0.180238695042608,0,0,182.5,0.0774383210353577,0.5,0.85,121.666666666667,0.666633333333333,30.4166666666667,3.36,426000,1.0409168473154,14,6.16573962432954,4.88308069995439,5.42779186983156,5.56362217239703,5.66111525739967,5.78268798462512,5.6131022155718,5.61406531609552,4.96495416884432,5.51852599005949,5.62368794982208,5.72400660710428,6.01290290074876,6.09456462683499,0.0241777094838702,0.990000000000002,1.22698878186423e-05,1.22698878186423e-05,1.22698878186423e-06,0,0.00332392641933904,0.00332392641933904,0.00332392641933904,1.22698878186423e-06,1.22698878186423e-06,0,0.99,10000
