"","loglik","loglik.sd","nfail.max","nfail.min","sigmah","theta","phi","p0","gammah","psi","kappah","eta","bpop","alpha","nm","log.beta","log.beta1","log.beta2","log.beta3","log.beta4","log.beta5","log.beta6","log.beta7","log.beta8","log.beta9","log.beta10","log.beta11","log.beta12","log.beta13","tau","BS.0","BE.0","BI.0","BT.0","BD.0","BR.0","BR1.0","BR2.0","BT1.0","BT2.0","CC.0","susc.ini","infe.ini"
"city6",-367.446356025257,0.0873328727456979,0,0,182.5,0.0709269627972175,0.5,0.85,121.666666666667,0.555544444444444,30.4166666666667,1e-12,2219580,1.78640762074606,14,5.963689330363,4.70358598493638,4.90910506981467,5.05801087796795,5.19618406433629,5.24667863826461,4.96798368853466,5.41072249805122,5.04896982266959,5.34848421729681,5.47947207191944,5.53835532965978,5.52404100074084,6.11785089035096,0.0116173873816889,0.990000000000001,4.91328312966101e-05,4.91328312966101e-05,4.91328312966099e-06,0,0.00329566482933926,0.00329566482933926,0.00329566482933926,4.91328312966099e-06,4.91328312966099e-06,0,0.99,10000
