"","loglik","loglik.sd","nfail.max","nfail.min","sigmah","theta","phi","p0","gammah","psi","kappah","eta","bpop","alpha","nm","log.beta","log.beta1","log.beta2","log.beta3","log.beta4","log.beta5","log.beta6","log.beta7","log.beta8","log.beta9","log.beta10","log.beta11","log.beta12","log.beta13","tau","BS.0","BE.0","BI.0","BT.0","BD.0","BR.0","BR1.0","BR2.0","BT1.0","BT2.0","CC.0","susc.ini","infe.ini"
"city16",-347.065337399101,0.237114715059461,0,0,182.5,0.0755841497284442,0.5,0.85,121.666666666667,0.555544444444444,30.4166666666667,3.36,426000,1.15649464832241,14,6.2922824890662,4.92822826750305,5.54379103454175,5.69373843602042,5.79400676457031,5.94677148671578,5.73881453231971,5.73885233840209,5.11201377436474,5.65418393232858,5.7552996919605,5.81628127306712,6.09652738354801,6.02802258269489,0.0195331051994916,0.990000000000001,5.78815114581427e-06,5.78815114581427e-06,5.78815114581428e-07,0,0.00332889575078822,0.00332889575078822,0.00332889575078822,5.78815114581428e-07,5.78815114581428e-07,0,0.99,10000
