"","loglik","loglik.sd","nfail.max","nfail.min","sigmah","theta","phi","p0","gammah","psi","kappah","eta","bpop","alpha","nm","log.beta","log.beta1","log.beta2","log.beta3","log.beta4","log.beta5","log.beta6","log.beta7","log.beta8","log.beta9","log.beta10","log.beta11","log.beta12","log.beta13","tau","BS.0","BE.0","BI.0","BT.0","BD.0","BR.0","BR1.0","BR2.0","BT1.0","BT2.0","CC.0","susc.ini","infe.ini"
"city2",-367.68049287556,0.0741687763634211,0,0,182.5,0.0729334952394451,0.5,0.85,121.666666666667,0.111188888888889,30.4166666666667,1e-12,2219580,1.7202992599793,14,6.02627575693999,4.69075227327225,4.89021423024086,5.02747390453357,5.17074756081293,5.20363269633727,4.96515483189423,5.65798101616523,5.44902839580459,5.80604394922203,5.91773417436285,5.91896529957924,5.85693293964345,6.2835708024633,0.0118167726465555,0.989999999999998,3.31855465228812e-05,3.31855465228812e-05,3.31855465228811e-06,0,0.00330789108099913,0.00330789108099913,0.00330789108099913,3.31855465228811e-06,3.31855465228811e-06,0,0.99,10000
