"","loglik","loglik.sd","nfail.max","nfail.min","sigmah","theta","phi","p0","gammah","psi","kappah","eta","bpop","alpha","nm","log.beta","log.beta1","log.beta2","log.beta3","log.beta4","log.beta5","log.beta6","log.beta7","log.beta8","log.beta9","log.beta10","log.beta11","log.beta12","log.beta13","tau","BS.0","BE.0","BI.0","BT.0","BD.0","BR.0","BR1.0","BR2.0","BT1.0","BT2.0","CC.0","susc.ini","infe.ini"
"city14",-344.832340312429,0.214442070754926,0,0,182.5,0.0710226702847597,0.5,0.85,121.666666666667,0.333366666666667,30.4166666666667,3.36,426000,1.59776727834102,14,6.33316902935427,5.02569945211082,5.79851099606152,5.96440227145364,6.14690252683691,6.30042456077197,6.09918839256012,6.099298793225,5.57048467884102,6.09389600677124,6.15226523557545,6.1553925620104,6.37095697102588,6.25736578127291,0.0166543719959813,0.99,5.6143967569521e-06,5.6143967569521e-06,5.61439675695207e-07,0,0.00332902896248635,0.00332902896248635,0.00332902896248635,5.61439675695207e-07,5.61439675695207e-07,0,0.99,10000
