"","loglik","loglik.sd","nfail.max","nfail.min","sigmah","theta","phi","p0","gammah","psi","kappah","eta","bpop","alpha","nm","log.beta","log.beta1","log.beta2","log.beta3","log.beta4","log.beta5","log.beta6","log.beta7","log.beta8","log.beta9","log.beta10","log.beta11","log.beta12","log.beta13","tau","BS.0","BE.0","BI.0","BT.0","BD.0","BR.0","BR1.0","BR2.0","BT1.0","BT2.0","CC.0","susc.ini","infe.ini"
"city9",-367.672039581183,0.0675988623579177,0,0,182.5,0.068902631877941,0.5,0.85,121.666666666667,0.888811111111111,30.4166666666667,1e-12,2219580,1.62045304338939,14,5.93732535262717,4.72382348113772,4.9295289247155,5.09289065475837,5.23028420875149,5.29718739376931,5.05000081172932,5.22824688586316,4.87261883584673,5.17709472861072,5.34110648688058,5.40832876059505,5.44894266923345,5.92545424920809,0.0133300275760361,0.989999999999996,5.75972089000461e-05,5.75972089000461e-05,5.75972089000463e-06,0,0.00328917547317663,0.00328917547317663,0.00328917547317663,5.75972089000463e-06,5.75972089000463e-06,0,0.99,10000
