"","loglik","loglik.sd","nfail.max","nfail.min","sigmah","theta","phi","p0","gammah","psi","kappah","eta","bpop","alpha","nm","log.beta","log.beta1","log.beta2","log.beta3","log.beta4","log.beta5","log.beta6","log.beta7","log.beta8","log.beta9","log.beta10","log.beta11","log.beta12","log.beta13","tau","BS.0","BE.0","BI.0","BT.0","BD.0","BR.0","BR1.0","BR2.0","BT1.0","BT2.0","CC.0","susc.ini","infe.ini"
"city10",-368.534326978149,0.0730953328672418,0,0,182.5,0.0668860065025113,0.5,0.85,121.666666666667,0.9999,30.4166666666667,1e-12,2219580,1.67500058784215,14,6.07105172639469,4.72686765817028,4.97788267017793,5.12656867033357,5.27757494962739,5.35607294526684,5.0950598621536,5.17817618445914,4.80595245703368,5.10927291850346,5.27822624396349,5.34923025098097,5.40383414879183,5.83281840681386,0.012916352949894,0.989999999999997,2.97860495942383e-05,2.97860495942383e-05,2.97860495942382e-06,0,0.00331049736197775,0.00331049736197775,0.00331049736197775,2.97860495942382e-06,2.97860495942382e-06,0,0.99,10000
