"","loglik","loglik.sd","nfail.max","nfail.min","sigmah","theta","phi","p0","gammah","psi","kappah","eta","bpop","alpha","nm","log.beta","log.beta1","log.beta2","log.beta3","log.beta4","log.beta5","log.beta6","log.beta7","log.beta8","log.beta9","log.beta10","log.beta11","log.beta12","log.beta13","tau","BS.0","BE.0","BI.0","BT.0","BD.0","BR.0","BR1.0","BR2.0","BT1.0","BT2.0","CC.0","susc.ini","infe.ini"
"city7",-368.185618492167,0.0479611443584048,0,0,182.5,0.0687751843405796,0.5,0.85,121.666666666667,0.666633333333333,30.4166666666667,1e-12,2219580,1.79698959289501,14,5.94533831307235,4.7241298749351,4.92718993332227,5.09912666952707,5.21729824183573,5.30942554633525,4.9784208979114,5.37211319493025,4.99959772357867,5.31325017867308,5.44927728234171,5.52026561423886,5.50556977999752,6.16186783439878,0.012087918533535,0.990000000000001,5.43950096891009e-05,5.43950096891009e-05,5.4395009689101e-06,0,0.00329163049257169,0.00329163049257169,0.00329163049257169,5.4395009689101e-06,5.4395009689101e-06,0,0.99,10000
