"","loglik","loglik.sd","nfail.max","nfail.min","sigmah","theta","phi","p0","gammah","psi","kappah","eta","bpop","alpha","nm","log.beta","log.beta1","log.beta2","log.beta3","log.beta4","log.beta5","log.beta6","log.beta7","log.beta8","log.beta9","log.beta10","log.beta11","log.beta12","log.beta13","tau","BS.0","BE.0","BI.0","BT.0","BD.0","BR.0","BR1.0","BR2.0","BT1.0","BT2.0","CC.0","susc.ini","infe.ini"
"city10",-367.864610290718,0.0578323912677444,0,0,182.5,0.0725421359524369,0.5,0.85,121.666666666667,0.9999,30.4166666666667,1e-12,2219580,1.4373719644734,14,6.02213410633855,4.69152718719016,4.8896515648546,5.02961577259619,5.16593049412213,5.21546725088105,4.98305953584082,5.17619945423632,4.80149243911979,5.10460974936938,5.26588132725463,5.35091484367444,5.38376708108304,5.9597446902952,0.0126363795218896,0.99,3.40729988349991e-05,3.40729988349991e-05,3.40729988349991e-06,0,0.00330721070089317,0.00330721070089317,0.00330721070089317,3.40729988349991e-06,3.40729988349991e-06,0,0.99,10000
