"","loglik","loglik.sd","nfail.max","nfail.min","sigmah","theta","phi","p0","gammah","psi","kappah","eta","bpop","alpha","nm","log.beta","log.beta1","log.beta2","log.beta3","log.beta4","log.beta5","log.beta6","log.beta7","log.beta8","log.beta9","log.beta10","log.beta11","log.beta12","log.beta13","tau","BS.0","BE.0","BI.0","BT.0","BD.0","BR.0","BR1.0","BR2.0","BT1.0","BT2.0","CC.0","susc.ini","infe.ini"
"city13",-344.384241421645,0.0990466201260675,0,0,182.5,0.0724121432241358,0.5,0.85,121.666666666667,0.222277777777778,30.4166666666667,3.36,426000,1.72414492545763,14,6.24918062754137,5.01929914355094,5.76921995455887,5.94148762660916,6.15832108546224,6.23437506111056,6.22273903123671,6.22367996255621,5.82614333705542,6.29148405721851,6.30647159501632,6.28130816828974,6.37487465327543,6.29520145200187,0.018190347403445,0.990000000000004,6.7956879268631e-06,6.7956879268631e-06,6.79568792686309e-07,0,0.00332812330592276,0.00332812330592276,0.00332812330592276,6.79568792686309e-07,6.79568792686309e-07,0,0.99,10000
