"","loglik","loglik.sd","nfail.max","nfail.min","sigmah","theta","phi","p0","gammah","psi","kappah","eta","bpop","alpha","nm","log.beta","log.beta1","log.beta2","log.beta3","log.beta4","log.beta5","log.beta6","log.beta7","log.beta8","log.beta9","log.beta10","log.beta11","log.beta12","log.beta13","tau","BS.0","BE.0","BI.0","BT.0","BD.0","BR.0","BR1.0","BR2.0","BT1.0","BT2.0","CC.0","susc.ini","infe.ini"
"city11",-345.842376817472,0.293014078374029,0,0,182.5,0.0774599990767055,0.5,0.85,121.666666666667,1e-04,30.4166666666667,3.36,426000,1.79865487122372,14,6.35882113230624,4.88970325176967,5.50956191057163,5.6017550404803,5.7733121651937,5.75725164073237,5.81981751046765,6.37465867978071,5.99275484081149,6.3727441359238,6.36994971742554,6.26561932247013,6.37282238044266,6.2793551605416,0.0192427780451888,0.990000000000005,5.37158851111594e-06,5.37158851111594e-06,5.37158851111593e-07,0,0.00332921511547482,0.00332921511547482,0.00332921511547482,5.37158851111593e-07,5.37158851111593e-07,0,0.99,10000
