"","loglik","loglik.sd","nfail.max","nfail.min","sigmah","theta","phi","p0","gammah","psi","kappah","eta","bpop","alpha","nm","log.beta","log.beta1","log.beta2","log.beta3","log.beta4","log.beta5","log.beta6","log.beta7","log.beta8","log.beta9","log.beta10","log.beta11","log.beta12","log.beta13","tau","BS.0","BE.0","BI.0","BT.0","BD.0","BR.0","BR1.0","BR2.0","BT1.0","BT2.0","CC.0","susc.ini","infe.ini"
"city9",-367.404987226486,0.0626429539355917,0,0,182.5,0.065877550329607,0.5,0.85,121.666666666667,0.888811111111111,30.4166666666667,1e-12,2219580,1.71684357755912,14,5.96462274117293,4.74323121173586,4.98238064975378,5.14544607300053,5.29999689681241,5.37642374092088,5.12769143220848,5.23729488176189,4.89559329431157,5.2165150756179,5.38011611945803,5.45358027811112,5.48698689989619,5.99233225341846,0.0133125527482691,0.989999999999999,5.34825157230233e-05,5.34825157230233e-05,5.34825157230235e-06,0,0.00329233007127901,0.00329233007127901,0.00329233007127901,5.34825157230235e-06,5.34825157230235e-06,0,0.99,10000
