"","loglik","loglik.sd","nfail.max","nfail.min","sigmah","theta","phi","p0","gammah","psi","kappah","eta","bpop","alpha","nm","log.beta","log.beta1","log.beta2","log.beta3","log.beta4","log.beta5","log.beta6","log.beta7","log.beta8","log.beta9","log.beta10","log.beta11","log.beta12","log.beta13","tau","BS.0","BE.0","BI.0","BT.0","BD.0","BR.0","BR1.0","BR2.0","BT1.0","BT2.0","CC.0","susc.ini","infe.ini"
"city7",-367.705081521973,0.0495543559759933,0,0,182.5,0.0672988673325804,0.5,0.85,121.666666666667,0.666633333333333,30.4166666666667,1e-12,2219580,1.65977955403489,14,5.98273889557605,4.73265146454628,4.96056894375734,5.12190222445528,5.27079469400612,5.33606978265674,5.11534273293434,5.34909680970324,5.08155140071915,5.42756325922897,5.59138303314466,5.64209760916164,5.65946645459012,6.06388569167889,0.0147490376895605,0.990000000000001,4.67710307315621e-05,4.67710307315621e-05,4.67710307315618e-06,0,0.0032974755431058,0.0032974755431058,0.0032974755431058,4.67710307315618e-06,4.67710307315618e-06,0,0.99,10000
