"","loglik","loglik.sd","nfail.max","nfail.min","sigmah","theta","phi","p0","gammah","psi","kappah","eta","bpop","alpha","nm","log.beta","log.beta1","log.beta2","log.beta3","log.beta4","log.beta5","log.beta6","log.beta7","log.beta8","log.beta9","log.beta10","log.beta11","log.beta12","log.beta13","tau","BS.0","BE.0","BI.0","BT.0","BD.0","BR.0","BR1.0","BR2.0","BT1.0","BT2.0","CC.0","susc.ini","infe.ini"
"city15",-346.587722491348,0.131963640770043,0,0,182.5,0.0734485241324172,0.5,0.85,121.666666666667,0.444455555555556,30.4166666666667,3.36,426000,1.36540833008077,14,6.20424590838448,4.97687057772894,5.63343280755171,5.82380526952652,5.91605752813194,6.11479126127101,5.87724678732625,5.8779031866953,5.288259579408,5.82183355585424,5.87993836467617,5.9477520195677,6.16537920011003,6.3079401419835,0.0181245838105353,0.990000000000002,1.0052800418188e-05,1.0052800418188e-05,1.0052800418188e-06,0,0.00332562618634607,0.00332562618634607,0.00332562618634607,1.0052800418188e-06,1.0052800418188e-06,0,0.99,10000
