"","loglik","loglik.sd","nfail.max","nfail.min","sigmah","theta","phi","p0","gammah","psi","kappah","eta","bpop","alpha","nm","log.beta","log.beta1","log.beta2","log.beta3","log.beta4","log.beta5","log.beta6","log.beta7","log.beta8","log.beta9","log.beta10","log.beta11","log.beta12","log.beta13","tau","BS.0","BE.0","BI.0","BT.0","BD.0","BR.0","BR1.0","BR2.0","BT1.0","BT2.0","CC.0","susc.ini","infe.ini"
"city9",-367.108781510061,0.0449267213139272,0,0,182.5,0.0675609310373109,0.5,0.85,121.666666666667,0.888811111111111,30.4166666666667,1e-12,2219580,1.52116300552188,14,5.96029510446041,4.73062280205657,4.9564034853769,5.11715009096448,5.26253122187228,5.33450603981236,5.12455393977256,5.22060203194931,4.92561852195023,5.2663745538706,5.438533572583,5.51778053652402,5.5437472694836,6.06325630227307,0.0128597422133355,0.990000000000002,5.26663074276545e-05,5.26663074276545e-05,5.26663074276547e-06,0,0.00329295583097214,0.00329295583097214,0.00329295583097214,5.26663074276547e-06,5.26663074276547e-06,0,0.99,10000
