"","loglik","loglik.sd","nfail.max","nfail.min","sigmah","theta","phi","p0","gammah","psi","kappah","eta","bpop","alpha","nm","log.beta","log.beta1","log.beta2","log.beta3","log.beta4","log.beta5","log.beta6","log.beta7","log.beta8","log.beta9","log.beta10","log.beta11","log.beta12","log.beta13","tau","BS.0","BE.0","BI.0","BT.0","BD.0","BR.0","BR1.0","BR2.0","BT1.0","BT2.0","CC.0","susc.ini","infe.ini"
"city4",-367.704911913772,0.0672855919137711,0,0,182.5,0.0660298527691169,0.5,0.85,121.666666666667,0.333366666666667,30.4166666666667,1e-12,2219580,1.7995785098224,14,5.99508703488209,4.73878180301042,4.99235326755561,5.14455046529803,5.30873029793178,5.3742483467497,5.15707915510683,5.5904804168522,5.47018546295002,5.89787053630675,6.03473672305834,6.04090134837088,5.98200139498868,6.31995500697448,0.0124797046167211,0.989999999999996,4.64740916464105e-05,4.64740916464105e-05,4.64740916464102e-06,0,0.00329770319640441,0.00329770319640441,0.00329770319640441,4.64740916464102e-06,4.64740916464102e-06,0,0.99,10000
