"","loglik","loglik.sd","nfail.max","nfail.min","sigmah","theta","phi","p0","gammah","psi","kappah","eta","bpop","alpha","nm","log.beta","log.beta1","log.beta2","log.beta3","log.beta4","log.beta5","log.beta6","log.beta7","log.beta8","log.beta9","log.beta10","log.beta11","log.beta12","log.beta13","tau","BS.0","BE.0","BI.0","BT.0","BD.0","BR.0","BR1.0","BR2.0","BT1.0","BT2.0","CC.0","susc.ini","infe.ini"
"city3",-367.431621554578,0.0594987988977609,0,0,182.5,0.0697683819057149,0.5,0.85,121.666666666667,0.222277777777778,30.4166666666667,1e-12,2219580,1.79977490981217,14,6.0104692161904,4.7094013751539,4.93171738382483,5.07464667764838,5.22258667225994,5.27409237079673,5.0160883573874,5.63252489952832,5.42923094473033,5.80278433637581,5.91886187884749,5.92882725962612,5.86693794088803,6.31655279324969,0.0125034733550531,0.989999999999997,3.8974856938171e-05,3.8974856938171e-05,3.89748569381709e-06,0,0.00330345260968076,0.00330345260968076,0.00330345260968076,3.89748569381709e-06,3.89748569381709e-06,0,0.99,10000
