"","loglik","loglik.sd","nfail.max","nfail.min","sigmah","theta","phi","p0","gammah","psi","kappah","eta","bpop","alpha","nm","log.beta","log.beta1","log.beta2","log.beta3","log.beta4","log.beta5","log.beta6","log.beta7","log.beta8","log.beta9","log.beta10","log.beta11","log.beta12","log.beta13","tau","BS.0","BE.0","BI.0","BT.0","BD.0","BR.0","BR1.0","BR2.0","BT1.0","BT2.0","CC.0","susc.ini","infe.ini"
"city13",-344.312887940246,0.144811893540319,0,0,182.5,0.0720537373165107,0.5,0.85,121.666666666667,0.222277777777778,30.4166666666667,3.36,426000,1.79988179421335,14,6.26638293158021,5.03943094145914,5.83523398790829,5.99613582126736,6.22088162567051,6.31966286831569,6.24544721896957,6.2468607722737,5.84207322300049,6.28139399141365,6.30909956024854,6.25201214159842,6.37465140763778,6.33884074310403,0.0145894666724639,0.989999999999996,6.24216818622327e-06,6.24216818622327e-06,6.24216818622327e-07,0,0.00332854767105723,0.00332854767105723,0.00332854767105723,6.24216818622327e-07,6.24216818622327e-07,0,0.99,10000
