"","loglik","loglik.sd","nfail.max","nfail.min","sigmah","theta","phi","p0","gammah","psi","kappah","eta","bpop","alpha","nm","log.beta","log.beta1","log.beta2","log.beta3","log.beta4","log.beta5","log.beta6","log.beta7","log.beta8","log.beta9","log.beta10","log.beta11","log.beta12","log.beta13","tau","BS.0","BE.0","BI.0","BT.0","BD.0","BR.0","BR1.0","BR2.0","BT1.0","BT2.0","CC.0","susc.ini","infe.ini"
"city12",-345.236961662305,0.19250694066302,0,0,182.5,0.0748108601865578,0.5,0.85,121.666666666667,0.111188888888889,30.4166666666667,3.36,426000,1.79917497764324,14,6.25900959211814,4.96377769170888,5.64824483241706,5.76820891711624,5.98749183892054,5.97371486990177,6.05122503285012,6.32192916614366,5.93996075595909,6.36396240182001,6.352823255655,6.29143457620776,6.37286094209821,6.33016569587901,0.0170218473787074,0.99,7.17697972366087e-06,7.17697972366087e-06,7.17697972366085e-07,0,0.00332783098221188,0.00332783098221188,0.00332783098221188,7.17697972366085e-07,7.17697972366085e-07,0,0.99,10000
