"","loglik","loglik.sd","nfail.max","nfail.min","sigmah","theta","phi","p0","gammah","psi","kappah","eta","bpop","alpha","nm","log.beta","log.beta1","log.beta2","log.beta3","log.beta4","log.beta5","log.beta6","log.beta7","log.beta8","log.beta9","log.beta10","log.beta11","log.beta12","log.beta13","tau","BS.0","BE.0","BI.0","BT.0","BD.0","BR.0","BR1.0","BR2.0","BT1.0","BT2.0","CC.0","susc.ini","infe.ini"
"city18",-349.702115910355,0.258815928145333,0,0,182.5,0.0774107149790982,0.5,0.85,121.666666666667,0.777722222222222,30.4166666666667,3.36,426000,0.930561084310967,14,6.20853101572543,4.87404893978181,5.41842098682182,5.56114413830119,5.60041359159789,5.81888767055381,5.53501416965003,5.53524493413762,4.8749350940822,5.43832840909973,5.56517275805876,5.67256644351749,5.99292417407015,6.08214312782193,0.0214057913370999,0.989999999999998,9.420134339859e-06,9.420134339859e-06,9.420134339859e-07,0,0.00332611123033944,0.00332611123033944,0.00332611123033944,9.420134339859e-07,9.420134339859e-07,0,0.99,10000
