"","loglik","loglik.sd","nfail.max","nfail.min","sigmah","theta","phi","p0","gammah","psi","kappah","eta","bpop","alpha","nm","log.beta","log.beta1","log.beta2","log.beta3","log.beta4","log.beta5","log.beta6","log.beta7","log.beta8","log.beta9","log.beta10","log.beta11","log.beta12","log.beta13","tau","BS.0","BE.0","BI.0","BT.0","BD.0","BR.0","BR1.0","BR2.0","BT1.0","BT2.0","CC.0","susc.ini","infe.ini"
"city14",-344.492586636197,0.197641160082522,0,0,182.5,0.0715360274129856,0.5,0.85,121.666666666667,0.333366666666667,30.4166666666667,3.36,426000,1.58202218367427,14,6.32889359134906,5.00933134181778,5.75948374535505,5.91842515612724,6.12166850628289,6.22752835412307,6.09272086368114,6.09288666260839,5.54452625738113,6.07526797649122,6.11264057594575,6.12753497209737,6.32005579294461,6.31868450350439,0.0162831455139288,0.989999999999999,5.00640666581337e-06,5.00640666581337e-06,5.00640666581336e-07,0,0.00332949508822289,0.00332949508822289,0.00332949508822289,5.00640666581336e-07,5.00640666581336e-07,0,0.99,10000
