"","loglik","loglik.sd","nfail.max","nfail.min","sigmah","theta","phi","p0","gammah","psi","kappah","eta","bpop","alpha","nm","log.beta","log.beta1","log.beta2","log.beta3","log.beta4","log.beta5","log.beta6","log.beta7","log.beta8","log.beta9","log.beta10","log.beta11","log.beta12","log.beta13","tau","BS.0","BE.0","BI.0","BT.0","BD.0","BR.0","BR1.0","BR2.0","BT1.0","BT2.0","CC.0","susc.ini","infe.ini"
"city6",-367.820226273729,0.0916588844731395,0,0,182.5,0.0696371211547352,0.5,0.85,121.666666666667,0.555544444444444,30.4166666666667,1e-12,2219580,1.62199065901355,14,5.99199124543658,4.7127371921114,4.92941177575093,5.08122667429584,5.21894391552213,5.28437281452422,5.02709970495839,5.41590627947974,5.13664886360827,5.48898524191064,5.63957624810737,5.68244134214652,5.69155300130853,6.05737619597966,0.011311347293747,0.990000000000003,4.30268025808094e-05,4.30268025808094e-05,4.30268025808092e-06,0,0.00330034611802139,0.00330034611802139,0.00330034611802139,4.30268025808092e-06,4.30268025808092e-06,0,0.99,10000
