"","loglik","loglik.sd","nfail.max","nfail.min","sigmah","theta","phi","p0","gammah","psi","kappah","eta","bpop","alpha","nm","log.beta","log.beta1","log.beta2","log.beta3","log.beta4","log.beta5","log.beta6","log.beta7","log.beta8","log.beta9","log.beta10","log.beta11","log.beta12","log.beta13","tau","BS.0","BE.0","BI.0","BT.0","BD.0","BR.0","BR1.0","BR2.0","BT1.0","BT2.0","CC.0","susc.ini","infe.ini"
"city8",-367.472506222071,0.0796611093764647,0,0,182.5,0.0681948807322159,0.5,0.85,121.666666666667,0.777722222222222,30.4166666666667,1e-12,2219580,1.75421873533766,14,5.96530813248895,4.72716453741286,4.94476315307172,5.10763965154734,5.24644642352585,5.31726556484552,5.04731642405723,5.29552090504736,4.93140615131946,5.23477501963812,5.38363394678191,5.45332149249656,5.46732613579149,6.02747020720233,0.012825046713187,0.990000000000003,5.03490200084132e-05,5.03490200084132e-05,5.03490200084131e-06,0,0.00329473241799357,0.00329473241799357,0.00329473241799357,5.03490200084131e-06,5.03490200084131e-06,0,0.99,10000
