"","loglik","loglik.sd","nfail.max","nfail.min","sigmah","theta","phi","p0","gammah","psi","kappah","eta","bpop","alpha","nm","log.beta","log.beta1","log.beta2","log.beta3","log.beta4","log.beta5","log.beta6","log.beta7","log.beta8","log.beta9","log.beta10","log.beta11","log.beta12","log.beta13","tau","BS.0","BE.0","BI.0","BT.0","BD.0","BR.0","BR1.0","BR2.0","BT1.0","BT2.0","CC.0","susc.ini","infe.ini"
"city17",-349.113176560648,0.242211763872002,0,0,182.5,0.0756469834052388,0.5,0.85,121.666666666667,0.666633333333333,30.4166666666667,3.36,426000,1.10618972808919,14,6.16894684393787,4.91149339885112,5.48047286845311,5.63321219546999,5.7137298152369,5.88604384345212,5.63648712022432,5.63659306086033,4.96852838234416,5.52182869556221,5.6337449816862,5.71424228079359,5.99724763850087,6.08978501259026,0.0211736043425842,0.990000000000003,1.15753613741961e-05,1.15753613741961e-05,1.1575361374196e-06,0,0.00332445888961311,0.00332445888961311,0.00332445888961311,1.1575361374196e-06,1.1575361374196e-06,0,0.99,10000
