"","loglik","loglik.sd","nfail.max","nfail.min","sigmah","theta","phi","p0","gammah","psi","kappah","eta","bpop","alpha","nm","log.beta","log.beta1","log.beta2","log.beta3","log.beta4","log.beta5","log.beta6","log.beta7","log.beta8","log.beta9","log.beta10","log.beta11","log.beta12","log.beta13","tau","BS.0","BE.0","BI.0","BT.0","BD.0","BR.0","BR1.0","BR2.0","BT1.0","BT2.0","CC.0","susc.ini","infe.ini"
"city14",-344.712278303061,0.22141034432474,0,0,182.5,0.0716321898285224,0.5,0.85,121.666666666667,0.333366666666667,30.4166666666667,3.36,426000,1.65220769465931,14,6.3473144038167,5.00342486216275,5.74144889764717,5.91153459515919,6.08649119295599,6.22447375622975,6.06104163629985,6.06334628353537,5.54045219257438,6.04248222403754,6.10704538234645,6.0997876461707,6.29296517160347,6.37171638529692,0.0149654418192702,0.99,4.72880128706594e-06,4.72880128706594e-06,4.72880128706593e-07,0,0.00332970791901325,0.00332970791901325,0.00332970791901325,4.72880128706593e-07,4.72880128706593e-07,0,0.99,10000
