"","loglik","loglik.sd","nfail.max","nfail.min","sigmah","theta","phi","p0","gammah","psi","kappah","eta","bpop","alpha","nm","log.beta","log.beta1","log.beta2","log.beta3","log.beta4","log.beta5","log.beta6","log.beta7","log.beta8","log.beta9","log.beta10","log.beta11","log.beta12","log.beta13","tau","BS.0","BE.0","BI.0","BT.0","BD.0","BR.0","BR1.0","BR2.0","BT1.0","BT2.0","CC.0","susc.ini","infe.ini"
"city4",-367.877950360962,0.0591269413202755,0,0,182.5,0.0677444512269296,0.5,0.85,121.666666666667,0.333366666666667,30.4166666666667,1e-12,2219580,1.74736723364659,14,5.99712296880836,4.72663287777502,4.95842304083243,5.10891843135099,5.26410715523477,5.32298641922996,5.09941007750217,5.56405843410313,5.40573592609773,5.80276521255895,5.94413442618363,5.95300088426816,5.91312860681324,6.23512313178241,0.0142594215672733,0.989999999999999,4.32322329225982e-05,4.32322329225982e-05,4.32322329225985e-06,0,0.003300188621426,0.003300188621426,0.003300188621426,4.32322329225985e-06,4.32322329225985e-06,0,0.99,10000
