"","loglik","loglik.sd","nfail.max","nfail.min","sigmah","theta","phi","p0","gammah","psi","kappah","eta","bpop","alpha","nm","log.beta","log.beta1","log.beta2","log.beta3","log.beta4","log.beta5","log.beta6","log.beta7","log.beta8","log.beta9","log.beta10","log.beta11","log.beta12","log.beta13","tau","BS.0","BE.0","BI.0","BT.0","BD.0","BR.0","BR1.0","BR2.0","BT1.0","BT2.0","CC.0","susc.ini","infe.ini"
"city5",-367.498427533466,0.0660114312330722,0,0,182.5,0.0703859447701131,0.5,0.85,121.666666666667,0.444455555555556,30.4166666666667,1e-12,2219580,1.79795516886862,14,6.00366643487568,4.70578023095893,4.92169941349955,5.06791947529252,5.20848398655668,5.26178909648766,4.99013622189067,5.47777738446492,5.16193913825844,5.47569758884971,5.60772255474884,5.6497949668916,5.62762555487857,6.17855129218918,0.013072092397026,0.989999999999999,4.02557659836379e-05,4.02557659836379e-05,4.02557659836378e-06,0,0.00330247057941255,0.00330247057941255,0.00330247057941255,4.02557659836378e-06,4.02557659836378e-06,0,0.99,10000
