"","loglik","loglik.sd","nfail.max","nfail.min","sigmah","theta","phi","p0","gammah","psi","kappah","eta","bpop","alpha","nm","log.beta","log.beta1","log.beta2","log.beta3","log.beta4","log.beta5","log.beta6","log.beta7","log.beta8","log.beta9","log.beta10","log.beta11","log.beta12","log.beta13","tau","BS.0","BE.0","BI.0","BT.0","BD.0","BR.0","BR1.0","BR2.0","BT1.0","BT2.0","CC.0","susc.ini","infe.ini"
"city17",-348.888734207791,0.167056528820069,0,0,182.5,0.0770053047147766,0.5,0.85,121.666666666667,0.666633333333333,30.4166666666667,3.36,426000,1.05682655124588,14,6.15761028370864,4.89537421913658,5.43339618494665,5.59280060875982,5.66286294764288,5.81892339678806,5.61442464237206,5.61454339959614,4.9611691908359,5.51922691902653,5.60617320003085,5.72233230300369,5.98746255855402,6.14209854584129,0.0238159852842878,0.989999999999997,1.27450084072071e-05,1.27450084072071e-05,1.27450084072071e-06,0,0.00332356216022114,0.00332356216022114,0.00332356216022114,1.27450084072071e-06,1.27450084072071e-06,0,0.99,10000
