"","loglik","loglik.sd","nfail.max","nfail.min","sigmah","theta","phi","p0","gammah","psi","kappah","eta","bpop","alpha","nm","log.beta","log.beta1","log.beta2","log.beta3","log.beta4","log.beta5","log.beta6","log.beta7","log.beta8","log.beta9","log.beta10","log.beta11","log.beta12","log.beta13","tau","BS.0","BE.0","BI.0","BT.0","BD.0","BR.0","BR1.0","BR2.0","BT1.0","BT2.0","CC.0","susc.ini","infe.ini"
"city9",-367.393379589094,0.0300755533543579,0,0,182.5,0.0671421779115586,0.5,0.85,121.666666666667,0.888811111111111,30.4166666666667,1e-12,2219580,1.60595450130505,14,5.99198208499297,4.7312344184424,4.96281369994912,5.12280556032175,5.26694674660898,5.34353805240082,5.10197068931647,5.2350083267347,4.90491106665022,5.24083908884302,5.39718947997657,5.48880110078783,5.49497859654697,6.16525221108815,0.0120002005089606,0.990000000000001,4.49389013364802e-05,4.49389013364802e-05,4.49389013364798e-06,0,0.00329888017564204,0.00329888017564204,0.00329888017564204,4.49389013364798e-06,4.49389013364798e-06,0,0.99,10000
