"","loglik","loglik.sd","nfail.max","nfail.min","sigmah","theta","phi","p0","gammah","psi","kappah","eta","bpop","alpha","nm","log.beta","log.beta1","log.beta2","log.beta3","log.beta4","log.beta5","log.beta6","log.beta7","log.beta8","log.beta9","log.beta10","log.beta11","log.beta12","log.beta13","tau","BS.0","BE.0","BI.0","BT.0","BD.0","BR.0","BR1.0","BR2.0","BT1.0","BT2.0","CC.0","susc.ini","infe.ini"
"city13",-343.553098877576,0.23171765166807,0,0,182.5,0.0724170670542294,0.5,0.85,121.666666666667,0.222277777777778,30.4166666666667,3.36,426000,1.79841142285085,14,6.32658261579163,5.03815870423866,5.82288434406217,5.99441904712672,6.21592580210149,6.30349156426182,6.26142837034434,6.26133903697833,5.82388149652,6.28831418629925,6.29010842046128,6.24162827000497,6.3614444909543,6.31337080338245,0.0130634883060028,0.99,4.92447536157368e-06,4.92447536157368e-06,4.92447536157365e-07,0,0.00332955790222279,0.00332955790222279,0.00332955790222279,4.92447536157365e-07,4.92447536157365e-07,0,0.99,10000
