"","loglik","loglik.sd","nfail.max","nfail.min","sigmah","theta","phi","p0","gammah","psi","kappah","eta","bpop","alpha","nm","log.beta","log.beta1","log.beta2","log.beta3","log.beta4","log.beta5","log.beta6","log.beta7","log.beta8","log.beta9","log.beta10","log.beta11","log.beta12","log.beta13","tau","BS.0","BE.0","BI.0","BT.0","BD.0","BR.0","BR1.0","BR2.0","BT1.0","BT2.0","CC.0","susc.ini","infe.ini"
"city15",-346.602916201265,0.11847607337328,0,0,182.5,0.0729894737779123,0.5,0.85,121.666666666667,0.444455555555556,30.4166666666667,3.36,426000,1.36747213194193,14,6.25500473253373,4.97759145710142,5.65305369423837,5.82178023965764,5.94599839488248,6.11964986631804,5.89064238742644,5.89243555756407,5.31752198793381,5.85341914973161,5.94787310246465,5.98248542235764,6.23672538585966,6.16961681764401,0.0215834150760796,0.990000000000002,7.57754931329e-06,7.57754931329e-06,7.57754931329001e-07,0,0.00332752387885983,0.00332752387885983,0.00332752387885983,7.57754931329001e-07,7.57754931329001e-07,0,0.99,10000
