"","loglik","loglik.sd","nfail.max","nfail.min","sigmah","theta","phi","p0","gammah","psi","kappah","eta","bpop","alpha","nm","log.beta","log.beta1","log.beta2","log.beta3","log.beta4","log.beta5","log.beta6","log.beta7","log.beta8","log.beta9","log.beta10","log.beta11","log.beta12","log.beta13","tau","BS.0","BE.0","BI.0","BT.0","BD.0","BR.0","BR1.0","BR2.0","BT1.0","BT2.0","CC.0","susc.ini","infe.ini"
"city2",-391.069637097548,0.0784497055591103,0,0,182.5,0.0681235863953701,0.5,0.85,121.666666666667,0.111188888888889,30.4166666666667,1e-12,2219580,1.79981436858578,14,6.00563552371108,4.76938833581915,4.95909111349767,5.18644346932255,5.27444701875602,5.41066834137592,5.10694792849028,5.76720490854997,5.77786376731767,6.24279684760179,6.37431617577489,6.2661134846626,6.18254227609958,5.62029586024123,0.0537212800544213,0.989999999999999,3.76744373211445e-05,3.76744373211445e-05,3.76744373211444e-06,0,0.0033044495980538,0.0033044495980538,0.0033044495980538,3.76744373211444e-06,3.76744373211444e-06,0,0.99,10000
