"","loglik","loglik.sd","nfail.max","nfail.min","sigmah","theta","phi","p0","gammah","psi","kappah","eta","bpop","alpha","nm","log.beta","log.beta1","log.beta2","log.beta3","log.beta4","log.beta5","log.beta6","log.beta7","log.beta8","log.beta9","log.beta10","log.beta11","log.beta12","log.beta13","tau","BS.0","BE.0","BI.0","BT.0","BD.0","BR.0","BR1.0","BR2.0","BT1.0","BT2.0","CC.0","susc.ini","infe.ini"
"city5",-367.270686833243,0.0484387004111518,0,0,182.5,0.0696810428075441,0.5,0.85,121.666666666667,0.444455555555556,30.4166666666667,1e-12,2219580,1.65501406524994,14,6.01241573559613,4.71139156335756,4.92973287082621,5.07913132952709,5.22051163792654,5.27988538079963,5.02881638651384,5.48214011974394,5.23285679882203,5.59971869275928,5.73487073478,5.78394917721887,5.74776255737651,6.27990254202225,0.011404767087095,0.989999999999997,3.84830735286256e-05,3.84830735286256e-05,3.84830735286254e-06,0,0.00330382964362806,0.00330382964362806,0.00330382964362806,3.84830735286254e-06,3.84830735286254e-06,0,0.99,10000
