"","loglik","loglik.sd","nfail.max","nfail.min","sigmah","theta","phi","p0","gammah","psi","kappah","eta","bpop","alpha","nm","log.beta","log.beta1","log.beta2","log.beta3","log.beta4","log.beta5","log.beta6","log.beta7","log.beta8","log.beta9","log.beta10","log.beta11","log.beta12","log.beta13","tau","BS.0","BE.0","BI.0","BT.0","BD.0","BR.0","BR1.0","BR2.0","BT1.0","BT2.0","CC.0","susc.ini","infe.ini"
"city7",-367.511511501438,0.0643926409387371,0,0,182.5,0.0626914081482515,0.5,0.85,121.666666666667,0.666633333333333,30.4166666666667,1e-12,2219580,1.7993112941932,14,6.03741745760238,4.77151112670832,5.07241345344844,5.2334861812296,5.41507094438662,5.51097279449432,5.30810139007689,5.37880135078889,5.16812187455333,5.5555307361506,5.71848716105669,5.77736395006826,5.76509132463775,6.23463239964081,0.0110054535184583,0.990000000000001,4.00196268336305e-05,4.00196268336305e-05,4.00196268336306e-06,0,0.00330265161942756,0.00330265161942756,0.00330265161942756,4.00196268336306e-06,4.00196268336306e-06,0,0.99,10000
