"","loglik","loglik.sd","nfail.max","nfail.min","sigmah","theta","phi","p0","gammah","psi","kappah","eta","bpop","alpha","nm","log.beta","log.beta1","log.beta2","log.beta3","log.beta4","log.beta5","log.beta6","log.beta7","log.beta8","log.beta9","log.beta10","log.beta11","log.beta12","log.beta13","tau","BS.0","BE.0","BI.0","BT.0","BD.0","BR.0","BR1.0","BR2.0","BT1.0","BT2.0","CC.0","susc.ini","infe.ini"
"city3",-367.703063161333,0.11100145718222,0,0,182.5,0.0713419979153791,0.5,0.85,121.666666666667,0.222277777777778,30.4166666666667,1e-12,2219580,1.79998204236018,14,5.98186162268118,4.70340999387331,4.90213593941713,5.05767012436464,5.18348758915739,5.24545429737787,4.95495597168359,5.61386209637291,5.3559956377157,5.69674649273445,5.81440096472811,5.82794588560006,5.78019709191309,6.22762844381311,0.0108194145189404,0.990000000000005,4.34923784204102e-05,4.34923784204102e-05,4.349237842041e-06,0,0.00329998917654436,0.00329998917654436,0.00329998917654436,4.349237842041e-06,4.349237842041e-06,0,0.99,10000
