"","loglik","loglik.sd","nfail.max","nfail.min","sigmah","theta","phi","p0","gammah","psi","kappah","eta","bpop","alpha","nm","log.beta","log.beta1","log.beta2","log.beta3","log.beta4","log.beta5","log.beta6","log.beta7","log.beta8","log.beta9","log.beta10","log.beta11","log.beta12","log.beta13","tau","BS.0","BE.0","BI.0","BT.0","BD.0","BR.0","BR1.0","BR2.0","BT1.0","BT2.0","CC.0","susc.ini","infe.ini"
"city17",-349.27002314556,0.178740397437792,0,0,182.5,0.0760857247006025,0.5,0.85,121.666666666667,0.666633333333333,30.4166666666667,3.36,426000,1.06226832959901,14,6.13408748027663,4.91256731823507,5.46385463694851,5.639006868701,5.68987476690402,5.88115688963058,5.62971967905482,5.62965613681351,4.98068048412746,5.54214308347902,5.6503219734918,5.74231160913645,6.0500462568804,6.10740337518209,0.0232063323937407,0.989999999999997,1.38330201985869e-05,1.38330201985869e-05,1.38330201985868e-06,0,0.00332272801784773,0.00332272801784773,0.00332272801784773,1.38330201985868e-06,1.38330201985868e-06,0,0.99,10000
