"","loglik","loglik.sd","nfail.max","nfail.min","sigmah","theta","phi","p0","gammah","psi","kappah","eta","bpop","alpha","nm","log.beta","log.beta1","log.beta2","log.beta3","log.beta4","log.beta5","log.beta6","log.beta7","log.beta8","log.beta9","log.beta10","log.beta11","log.beta12","log.beta13","tau","BS.0","BE.0","BI.0","BT.0","BD.0","BR.0","BR1.0","BR2.0","BT1.0","BT2.0","CC.0","susc.ini","infe.ini"
"city6",-367.79899049878,0.0324725258544854,0,0,182.5,0.0723192112497763,0.5,0.85,121.666666666667,0.555544444444444,30.4166666666667,1e-12,2219580,1.7344533193865,14,5.94183539503905,4.70019335455566,4.88368972048564,5.04080552191867,5.16477624202073,5.22127003803778,4.93035707187364,5.40151089675393,5.03133847553484,5.32223358561849,5.46123812969121,5.5079837285615,5.51804919632689,6.03120016774131,0.0122128128115161,0.989999999999998,5.1923701728286e-05,5.1923701728286e-05,5.1923701728286e-06,0,0.00329352516200831,0.00329352516200831,0.00329352516200831,5.1923701728286e-06,5.1923701728286e-06,0,0.99,10000
