"","loglik","loglik.sd","nfail.max","nfail.min","sigmah","theta","phi","p0","gammah","psi","kappah","eta","bpop","alpha","nm","log.beta","log.beta1","log.beta2","log.beta3","log.beta4","log.beta5","log.beta6","log.beta7","log.beta8","log.beta9","log.beta10","log.beta11","log.beta12","log.beta13","tau","BS.0","BE.0","BI.0","BT.0","BD.0","BR.0","BR1.0","BR2.0","BT1.0","BT2.0","CC.0","susc.ini","infe.ini"
"city1",-368.145117384921,0.0636172216283787,0,0,182.5,0.0736264065745546,0.5,0.85,121.666666666667,1e-04,30.4166666666667,1e-12,2219580,1.79942619387233,14,5.95709325139842,4.69120132442394,4.87415581713788,5.02276396324642,5.15001724757501,5.19506013600955,4.91873783720057,5.72990243098929,5.51333870916558,5.85707557459858,5.95881478927856,5.93767466498483,5.87762745681565,6.20619337679645,0.0126048983698348,0.989999999999995,4.7430695417827e-05,4.7430695417827e-05,4.74306954178271e-06,0,0.00329696980017967,0.00329696980017967,0.00329696980017967,4.74306954178271e-06,4.74306954178271e-06,0,0.99,10000
