"","loglik","loglik.sd","nfail.max","nfail.min","sigmah","theta","phi","p0","gammah","psi","kappah","eta","bpop","alpha","nm","log.beta","log.beta1","log.beta2","log.beta3","log.beta4","log.beta5","log.beta6","log.beta7","log.beta8","log.beta9","log.beta10","log.beta11","log.beta12","log.beta13","tau","BS.0","BE.0","BI.0","BT.0","BD.0","BR.0","BR1.0","BR2.0","BT1.0","BT2.0","CC.0","susc.ini","infe.ini"
"city11",-345.817888455043,0.395013642582197,0,0,182.5,0.0774349786666475,0.5,0.85,121.666666666667,1e-04,30.4166666666667,3.36,426000,1.79688369476044,14,6.34773588195013,4.87631781359548,5.47249947684905,5.55847666171787,5.73664285355282,5.72804933380911,5.77622077310021,6.33832530845174,5.98541584176194,6.37427857187256,6.37493760816889,6.26398602685608,6.37237019334857,6.31792964404296,0.0178482293408931,0.989999999999997,5.15355448609134e-06,5.15355448609134e-06,5.15355448609136e-07,0,0.00332938227489398,0.00332938227489398,0.00332938227489398,5.15355448609136e-07,5.15355448609136e-07,0,0.99,10000
