"","loglik","loglik.sd","nfail.max","nfail.min","sigmah","theta","phi","p0","gammah","psi","kappah","eta","bpop","alpha","nm","log.beta","log.beta1","log.beta2","log.beta3","log.beta4","log.beta5","log.beta6","log.beta7","log.beta8","log.beta9","log.beta10","log.beta11","log.beta12","log.beta13","tau","BS.0","BE.0","BI.0","BT.0","BD.0","BR.0","BR1.0","BR2.0","BT1.0","BT2.0","CC.0","susc.ini","infe.ini"
"city16",-347.527188726044,0.197784341235328,0,0,182.5,0.0736723714793289,0.5,0.85,121.666666666667,0.555544444444444,30.4166666666667,3.36,426000,1.21880205293636,14,6.25376232789645,4.95475924912521,5.5926810266075,5.766405554485,5.85793432738675,6.04774967958141,5.77772744826169,5.77772463932441,5.12940681134685,5.69413910600584,5.79382289122747,5.86260580742226,6.146048421068,6.21382030764703,0.0193920621346595,0.990000000000001,7.89095678990378e-06,7.89095678990378e-06,7.89095678990378e-07,0,0.00332728359979442,0.00332728359979442,0.00332728359979442,7.89095678990378e-07,7.89095678990378e-07,0,0.99,10000
