"","loglik","loglik.sd","nfail.max","nfail.min","sigmah","theta","phi","p0","gammah","psi","kappah","eta","bpop","alpha","nm","log.beta","log.beta1","log.beta2","log.beta3","log.beta4","log.beta5","log.beta6","log.beta7","log.beta8","log.beta9","log.beta10","log.beta11","log.beta12","log.beta13","tau","BS.0","BE.0","BI.0","BT.0","BD.0","BR.0","BR1.0","BR2.0","BT1.0","BT2.0","CC.0","susc.ini","infe.ini"
"city19",-350.385415310917,0.280265960151151,0,0,182.5,0.0774556363469614,0.5,0.85,121.666666666667,0.888811111111111,30.4166666666667,3.36,426000,0.774471238639406,14,6.35816353494096,4.84106433927809,5.3871765725061,5.50145477438927,5.56017751523587,5.75197440072125,5.48506324913452,5.48548878199267,4.84214147511628,5.46389887054114,5.62021793173687,5.77912708166597,6.17076165119102,6.26448758704078,0.0228463732952095,0.990000000000001,5.64924519387889e-06,5.64924519387889e-06,5.64924519387889e-07,0,0.00332900224535137,0.00332900224535137,0.00332900224535137,5.64924519387889e-07,5.64924519387889e-07,0,0.99,10000
