"","loglik","loglik.sd","nfail.max","nfail.min","sigmah","theta","phi","p0","gammah","psi","kappah","eta","bpop","alpha","nm","log.beta","log.beta1","log.beta2","log.beta3","log.beta4","log.beta5","log.beta6","log.beta7","log.beta8","log.beta9","log.beta10","log.beta11","log.beta12","log.beta13","tau","BS.0","BE.0","BI.0","BT.0","BD.0","BR.0","BR1.0","BR2.0","BT1.0","BT2.0","CC.0","susc.ini","infe.ini"
"city1",-368.174167196329,0.0676368239889759,0,0,182.5,0.0728074280400632,0.5,0.85,121.666666666667,1e-04,30.4166666666667,1e-12,2219580,1.74988941191816,14,5.947251396421,4.69815114965002,4.87842466267583,5.03580126333551,5.16073033738062,5.20996826491432,4.94946406741103,5.73915835166645,5.58036202423915,5.96120597050453,6.060649300765,6.03749943513449,5.95641659169446,6.32210760184166,0.0141083798886258,0.99,4.99066875405777e-05,4.99066875405777e-05,4.99066875405777e-06,0,0.00329507153955222,0.00329507153955222,0.00329507153955222,4.99066875405777e-06,4.99066875405777e-06,0,0.99,10000
