"","loglik","loglik.sd","nfail.max","nfail.min","sigmah","theta","phi","p0","gammah","psi","kappah","eta","bpop","alpha","nm","log.beta","log.beta1","log.beta2","log.beta3","log.beta4","log.beta5","log.beta6","log.beta7","log.beta8","log.beta9","log.beta10","log.beta11","log.beta12","log.beta13","tau","BS.0","BE.0","BI.0","BT.0","BD.0","BR.0","BR1.0","BR2.0","BT1.0","BT2.0","CC.0","susc.ini","infe.ini"
"city19",-350.374967906528,0.282395880610017,0,0,182.5,0.0774363316977127,0.5,0.85,121.666666666667,0.888811111111111,30.4166666666667,3.36,426000,0.783889627407846,14,6.34485432520476,4.83910399077573,5.40336785881828,5.51830051943605,5.58065556144402,5.77553132949496,5.49289132777238,5.49297313242363,4.83951160805348,5.44918131879326,5.60331704974353,5.76705983625283,6.14775580776901,6.31780699617002,0.0223674389040081,0.990000000000002,5.37154951394915e-06,5.37154951394915e-06,5.37154951394912e-07,0,0.00332921514537265,0.00332921514537265,0.00332921514537265,5.37154951394912e-07,5.37154951394912e-07,0,0.99,10000
