"","loglik","loglik.sd","nfail.max","nfail.min","sigmah","theta","phi","p0","gammah","psi","kappah","eta","bpop","alpha","nm","log.beta","log.beta1","log.beta2","log.beta3","log.beta4","log.beta5","log.beta6","log.beta7","log.beta8","log.beta9","log.beta10","log.beta11","log.beta12","log.beta13","tau","BS.0","BE.0","BI.0","BT.0","BD.0","BR.0","BR1.0","BR2.0","BT1.0","BT2.0","CC.0","susc.ini","infe.ini"
"city18",-349.511085223752,0.146887859708553,0,0,182.5,0.0774601154294435,0.5,0.85,121.666666666667,0.777722222222222,30.4166666666667,3.36,426000,0.946067191800142,14,6.21565242454234,4.86543392537597,5.4060633175444,5.54307072945009,5.6170915617126,5.77295880274065,5.54290341805742,5.54320081905078,4.86599927325483,5.4304004180373,5.54427699773179,5.6580623616443,5.95139030436748,6.12613136834892,0.0225439667695372,0.989999999999998,8.59445834873618e-06,8.59445834873618e-06,8.59445834873621e-07,0,0.00332674424859929,0.00332674424859929,0.00332674424859929,8.59445834873621e-07,8.59445834873621e-07,0,0.99,10000
