"","loglik","loglik.sd","nfail.max","nfail.min","sigmah","theta","phi","p0","gammah","psi","kappah","eta","bpop","alpha","nm","log.beta","log.beta1","log.beta2","log.beta3","log.beta4","log.beta5","log.beta6","log.beta7","log.beta8","log.beta9","log.beta10","log.beta11","log.beta12","log.beta13","tau","BS.0","BE.0","BI.0","BT.0","BD.0","BR.0","BR1.0","BR2.0","BT1.0","BT2.0","CC.0","susc.ini","infe.ini"
"city5",-367.835450542543,0.0525296227402611,0,0,182.5,0.0694742273093546,0.5,0.85,121.666666666667,0.444455555555556,30.4166666666667,1e-12,2219580,1.79891368385182,14,5.99951011289524,4.71639608129457,4.93088989233863,5.08574780253962,5.22185846982102,5.28977482303716,5.00248162365827,5.48773803903047,5.19072245731649,5.51615824998873,5.65428586744276,5.68522082814042,5.679159843703,6.10932007110172,0.0131461976529733,0.990000000000001,4.11017699595703e-05,4.11017699595703e-05,4.11017699595699e-06,0,0.00330182197636433,0.00330182197636433,0.00330182197636433,4.11017699595699e-06,4.11017699595699e-06,0,0.99,10000
