"","loglik","loglik.sd","nfail.max","nfail.min","sigmah","theta","phi","p0","gammah","psi","kappah","eta","bpop","alpha","nm","log.beta","log.beta1","log.beta2","log.beta3","log.beta4","log.beta5","log.beta6","log.beta7","log.beta8","log.beta9","log.beta10","log.beta11","log.beta12","log.beta13","tau","BS.0","BE.0","BI.0","BT.0","BD.0","BR.0","BR1.0","BR2.0","BT1.0","BT2.0","CC.0","susc.ini","infe.ini"
"city2",-368.025556888553,0.0946562778908985,0,0,182.5,0.072526905326815,0.5,0.85,121.666666666667,0.111188888888889,30.4166666666667,1e-12,2219580,1.76645964655266,14,5.9693961280353,4.69736963580539,4.88519555054089,5.03931036896098,5.16481938908271,5.21555011775778,4.94444125929893,5.66955871024003,5.4444067303597,5.7970144143233,5.90762698358711,5.90309810284218,5.85019185111674,6.19395471318038,0.0103958930220426,0.989999999999999,4.48409861816766e-05,4.48409861816766e-05,4.48409861816766e-06,0,0.00329895524392738,0.00329895524392738,0.00329895524392738,4.48409861816766e-06,4.48409861816766e-06,0,0.99,10000
