"","loglik","loglik.sd","nfail.max","nfail.min","sigmah","theta","phi","p0","gammah","psi","kappah","eta","bpop","alpha","nm","log.beta","log.beta1","log.beta2","log.beta3","log.beta4","log.beta5","log.beta6","log.beta7","log.beta8","log.beta9","log.beta10","log.beta11","log.beta12","log.beta13","tau","BS.0","BE.0","BI.0","BT.0","BD.0","BR.0","BR1.0","BR2.0","BT1.0","BT2.0","CC.0","susc.ini","infe.ini"
"city8",-367.205876840431,0.0718483804781221,0,0,182.5,0.0653425536192063,0.5,0.85,121.666666666667,0.777722222222222,30.4166666666667,1e-12,2219580,1.78373158039032,14,5.95725355407857,4.7454960747872,4.99273611430632,5.15702242990767,5.31101611739279,5.39260073395599,5.13734534938858,5.30651620495672,4.98117630637387,5.31610051909824,5.46872795809916,5.54080370015097,5.55068008925575,6.11959038628678,0.0109164302209303,0.990000000000001,5.67444437342571e-05,5.67444437342571e-05,5.67444437342571e-06,0,0.00328982925980375,0.00328982925980375,0.00328982925980375,5.67444437342571e-06,5.67444437342571e-06,0,0.99,10000
