"","loglik","loglik.sd","nfail.max","nfail.min","sigmah","theta","phi","p0","gammah","psi","kappah","eta","bpop","alpha","nm","log.beta","log.beta1","log.beta2","log.beta3","log.beta4","log.beta5","log.beta6","log.beta7","log.beta8","log.beta9","log.beta10","log.beta11","log.beta12","log.beta13","tau","BS.0","BE.0","BI.0","BT.0","BD.0","BR.0","BR1.0","BR2.0","BT1.0","BT2.0","CC.0","susc.ini","infe.ini"
"city18",-349.235284148247,0.194811393064772,0,0,182.5,0.0774387736786164,0.5,0.85,121.666666666667,0.777722222222222,30.4166666666667,3.36,426000,0.907441249908169,14,6.25415342403585,4.86805352277721,5.41729728083754,5.55594304831479,5.62861913248157,5.79282262202867,5.55104193572638,5.55336351950232,4.86861958082302,5.45597549791377,5.55713019796274,5.68754762812966,5.99833756420801,6.09097540678169,0.0218008429633075,0.990000000000001,7.92618089510626e-06,7.92618089510626e-06,7.92618089510624e-07,0,0.00332725659464709,0.00332725659464709,0.00332725659464709,7.92618089510624e-07,7.92618089510624e-07,0,0.99,10000
