"","loglik","loglik.sd","nfail.max","nfail.min","sigmah","theta","phi","p0","gammah","psi","kappah","eta","bpop","alpha","nm","log.beta","log.beta1","log.beta2","log.beta3","log.beta4","log.beta5","log.beta6","log.beta7","log.beta8","log.beta9","log.beta10","log.beta11","log.beta12","log.beta13","tau","BS.0","BE.0","BI.0","BT.0","BD.0","BR.0","BR1.0","BR2.0","BT1.0","BT2.0","CC.0","susc.ini","infe.ini"
"city12",-345.419015425549,0.160912257802522,0,0,182.5,0.0750448256676386,0.5,0.85,121.666666666667,0.111188888888889,30.4166666666667,3.36,426000,1.79871692161435,14,6.26671658469357,4.95972491968337,5.65764443689003,5.76523927850267,5.98769331676387,5.97622137316663,6.05017923405449,6.30915791505482,5.94611998788201,6.35566190338172,6.35988221211658,6.26685589992999,6.37505781756379,6.268598526663,0.0190956939801197,0.99,6.97559019863957e-06,6.97559019863957e-06,6.9755901986396e-07,0,0.00332798538084771,0.00332798538084771,0.00332798538084771,6.9755901986396e-07,6.9755901986396e-07,0,0.99,10000
